id,Twi
id_zdkanx9b7g,
id_p2saxgp1y2,
id_0k9pzw5h42,
id_djrllyjfm5,
id_qqg99j79ul,
id_ms5w198nrm,
id_p0zn9mmzjb,
id_m460hfjbmw,
id_u7uxwgclpk,
id_vpatd95pux,
id_z81gbg2ikz,
id_wl9qi97x0g,
id_pddlohoucu,
id_40mhk5g29k,
id_sqtuo0xl5i,
id_ez7555crl4,
id_wv15n8p3uq,
id_skkopa0wxq,
id_y4gyyz70zo,
id_4705oi6rl9,
id_qx35h4oaeg,
id_dsax2vl8q6,
id_9dgt6pwvmp,
id_dfbqzaw9kk,
id_6r8l6y4aog,
id_54ek15wgx9,
id_5kflrocvi3,
id_hc627ca7uh,
id_8pw9z5osfv,
id_awr1ss8ney,
id_y8x1kvzvbo,
id_lphhsx3fep,
id_t2gqbkmje7,
id_1tcp7rqu9e,
id_zyaxra8y5z,
id_l02sixtwe2,
id_x6uzd4mvse,
id_81k8yttqca,
id_u32ahwqx9v,
id_jvzcmfhedr,
id_9ya9dj3hec,
id_fe6vw4selj,
id_957g84nhqa,
id_hn2o0prtrt,
id_hgq0llgi2g,
id_lconwln57y,
id_7g1hpoggxd,
id_dvni7wz8ue,
id_1yvepetuc1,
id_e0rsbcm6fl,
id_04qre0i6xu,
id_xmah1lq77l,
id_ehp79k54ab,
id_f3hixql9mm,
id_0vps3ocutd,
id_zbthpx2doe,
id_1xea04bh3d,
id_81yclquhbm,
id_md2l2ycvd6,
id_5rb38d2uk6,
id_fw795x9q0g,
id_slgagc9p8o,
id_wl0dpb2u80,
id_rviobeg6yg,
id_qhz485pjk4,
id_aoyd0hbjqx,
id_o5tiol8nxj,
id_zydtgn2z3r,
id_gbx6ttkukx,
id_zcwtuzm5ub,
id_x5uitripx8,
id_pp79risffs,
id_s5qcdvgmbl,
id_dymwb6bogx,
id_7tvfestbc0,
id_xpfs3wr3mk,
id_nt6dmy9zaf,
id_5zw2mwflso,
id_4a5a3m4ans,
id_pguofz3lsd,
id_b3bh4tecnq,
id_008hdy1ctr,
id_vp56juhcgb,
id_rkg5vmj1au,
id_p3w36gnbgn,
id_ktgyxzftll,
id_g1yb8fz9r8,
id_uo6fq6g9x2,
id_xz9lrqig1r,
id_es2h2sqfeu,
id_wmobgpzynp,
id_o5x4ibwmor,
id_1i5g6vsejt,
id_nlja62rq5u,
id_x189nnvb6q,
id_xgqgptikij,
id_5meo3e127c,
id_qrm4dabunc,
id_ykyvfysx7x,
id_ngpp86lxkt,
id_9fb6l20h66,
id_4oy3rtt8dp,
id_z12286q3ye,
id_a8h5ehr14h,
id_iwzmjznqr9,
id_risnfx4p7v,
id_om3hk4uegr,
id_a8pz80rgd9,
id_0bkqf15vmu,
id_4x5op7llug,
id_9odnc3w2th,
id_uvxygcyeqq,
id_xa4rdknzd9,
id_do7bnkelrb,
id_jc5kg2grpc,
id_afuu7hgqp7,
id_n3zly9o75s,
id_34b4eanldm,
id_p10twpyuak,
id_uahnovbw6e,
id_576ahr4t1j,
id_ki15onfacv,
id_o6lyyof174,
id_dzhe94v8zt,
id_k7h5x99mij,
id_at4qykj44u,
id_ofeinwyole,
id_bvoio6bf5y,
id_3hedigukdx,
id_p8o3zdq9x6,
id_28spjye45q,
id_3cv0g80mmy,
id_mqy5c88nsy,
id_891t0cl0y3,
id_puh72thzaa,
id_tgry7zb5m5,
id_3nnv8l45o5,
id_hr0qyxvmhq,
id_jyctvm8cr7,
id_z32ey5dp7p,
id_xayb2i92vh,
id_eql2rfor3r,
id_5pfmtwvh2b,
id_2h87fmi1pm,
id_w4gpovq4s5,
id_nbatlgqqhz,
id_djka1swhki,
id_3e7byatwim,
id_6hgafzt5ol,
id_jxnoj30ze0,
id_p3str3is6a,
id_pywc8gf49w,
id_towp5vgabf,
id_82fzfzwp0o,
id_wy0qgy9jjo,
id_qde237oykk,
id_7rts43333s,
id_d6q664dj41,
id_nn85gwcvh3,
id_dbhr6qf503,
id_7gvpxs0yvi,
id_8dgclmh1g2,
id_vgd9j2u1u2,
id_ejqw1yzlc7,
id_y73w9dwas0,
id_74g7az250b,
id_j45ls4pufr,
id_dp5fgxbd4g,
id_in6ro63k48,
id_nv7znkfwwh,
id_t9thlf78pf,
id_u5eeduyk3h,
id_bljwgxivf0,
id_vwu2k3cjgo,
id_2l52k87nm3,
id_v4xa2g39s0,
id_cwmh0ql87q,
id_i4jimx07i4,
id_k6vsotx0b2,
id_bvql94c0g5,
id_w6vz1vvns6,
id_an7ekjs3br,
id_urnwou3nko,
id_or4dz16sqk,
id_ql13dcs1zn,
id_j113nlm6h2,
id_ljo1y439is,
id_962bwpgmsa,
id_k03snj2lrs,
id_2swa779ejg,
id_qj3xxfub7m,
id_b8q2bnwa5z,
id_egi8gbrcng,
id_pfzcpokmqe,
id_f4wrsr3ys4,
id_1dlc0j95oe,
id_scr1c0qsst,
id_uhyhrbahon,
id_6zvpcixph3,
id_mv3kibgj9e,
id_ai2sd7you8,
id_ocns40lygx,
id_1trdyu0w0l,
id_t6patj9ra9,
id_bbvcb01ux3,
id_ap74p9pph2,
id_yyjfixf7g0,
id_8zekl83lkz,
id_wxu0439mm7,
id_x9ry2ihdyp,
id_oirth3ddxk,
id_31bcoprzrn,
id_xwed6mp5i2,
id_xsza64yy9h,
id_q7i1av1dvb,
id_qy2m4uy8ij,
id_bf3phnpcj5,
id_j3q6i1j230,
id_59tynadc5b,
id_a0oe6rsogl,
id_1erg7db0io,
id_d9yfmjql8p,
id_h9aaczo6xv,
id_gl5xozaavs,
id_n63w4mjflv,
id_0fo2vgn5tk,
id_4iedde9eg0,
id_w6mthbzyf4,
id_365mhgpe36,
id_h9ek6h0nv3,
id_0t8mqcn1op,
id_9y44psftfw,
id_34pizoolde,
id_vd8e83jj91,
id_c2tmgg5rcq,
id_3v45rdt1db,
id_ad5ecqsenq,
id_sm8i9aa5ap,
id_sc73vv8qub,
id_w1c7lslmek,
id_5681rgd5tz,
id_urce7ucxqg,
id_zo4sg2j4kh,
id_55dox98hka,
id_78p028uz7g,
id_t9a38oc1tg,
id_103e3ddq5u,
id_2xt55vsfua,
id_kp1r7k2kwv,
id_gxxf7rgyn6,
id_nsshaa9aam,
id_opvk27wwez,
id_9o9qlndx07,
id_car395rk4r,
id_fgpwbnytct,
id_6apjdrnf0d,
id_t8ovhqytbq,
id_cvk6g5oyw1,
id_84ug3bx5kl,
id_0unftmi1oy,
id_3u4uwdfnpc,
id_8l1yty26uu,
id_kkn6h1tdhs,
id_k6g73lh8jy,
id_50r83le8o7,
id_7kank1pd9c,
id_lwnx133o2j,
id_udryd4zbi8,
id_wanacd82ps,
id_y6gpzotdu0,
id_q2cjw94qqa,
id_8sfj87808z,
id_o7p0k2in7b,
id_8jj6kthdgd,
id_ye9i5vz72m,
id_kvxjb4jmip,
id_s80lfyme0u,
id_5e40f0l639,
id_7r1nkr31ef,
id_cbhdswknqb,
id_z8uk4zay2f,
id_irgnze32ud,
id_5pjx0mpt5y,
id_krx789hl61,
id_8ry6mek8vz,
id_ok9n5m6c5x,
id_i4zyvq9ixl,
id_ykbqtptnss,
id_sljzaaimsw,
id_rfryv7kqis,
id_s0r4y3b4vu,
id_kmwqwudgt4,
id_0oo77bno3s,
id_i9an1hz149,
id_7d5x3n7jyf,
id_zbf93sd5s5,
id_0ik6ghqafv,
id_j34b5n3dbe,
id_j5qlnbx3v3,
id_cybunra8kh,
id_4y07br5gmm,
id_1xishj6o0b,
id_oocm93gv0y,
id_dmwlhktynb,
id_pjx9aigzs9,
id_xp6vubqtb4,
id_6tw04ylpw1,
id_8gta4c9sei,
id_gcyz78njvw,
id_y86vza7vvk,
id_5pm58xvzwl,
id_6z2pucpm0a,
id_x3o6t5x0ds,
id_xadpcwbso8,
id_pdrfg5mruc,
id_hqhmm8r939,
id_7rjlnvp7xy,
id_vf61zg7rbt,
id_aa33191f85,
id_93xsbvvwo1,
id_w590fzhrwh,
id_45287cwj7q,
id_6mfv3jjtb0,
id_v204o3ylm0,
id_cq16zvdcrr,
id_zik49riw77,
id_radod0chz6,
id_oh9ebpwjek,
id_myk3yt6o5z,
id_gogxws0pu5,
id_5w3063aoal,
id_gm76akd00a,
id_hrb75n3vwr,
id_3pi3sz4r0m,
id_80tluvt4ly,
id_2vbj7rfa7m,
id_kweldgvlor,
id_6o35cj4z2v,
id_nvnglsijum,
id_lf01fs8pqc,
id_i9m4azfdcr,
id_sk2ljct7gl,
id_sgvbmps4k7,
id_ril9sgplt5,
id_zwqjmp40df,
id_l698ex6eob,
id_4lwwgpnl4i,
id_nw9axvkeke,
id_216k0olk8y,
id_x1upiexsrc,
id_7uyxc06ftx,
id_ry2o0h4643,
id_ohzkl94muu,
id_nxvk0z0cv3,
id_mkd7ceeplr,
id_9ztys08ytf,
id_lbbqyvarh8,
id_vn7bt3jnwi,
id_rzy9vksxsn,
id_70igzf3d6u,
id_rze9ferlzx,
id_w139j8gif0,
id_hd1zi1qn8b,
id_68t84alzrg,
id_sgzn05lksw,
id_wbwmwp78lx,
id_2bdnlwzyf9,
id_0c7a5qkqpe,
id_ssevljky9v,
id_qcp56t1s9u,
id_nzp90y9hx3,
id_k1xh54n8pf,
id_c4uqrt67hd,
id_qkq8d511cn,
id_68s99etil1,
id_34j7cocjj2,
id_e0bcecvppg,
id_jrp7df25pn,
id_q85qus0b7q,
id_b130rl2il3,
id_ui0f2gdqce,
id_2eesymtvcd,
id_uuok3b8mxp,
id_08yjx2orwd,
id_cie5775vgi,
id_2cbj7pbvli,
id_l0655bimv3,
id_yigc6djwn6,
id_wvt8tlboap,
id_lrhgnngn1v,
id_m5hd7l42ms,
id_n7m4m5b02v,
id_7fcm4fon0l,
id_3bx3sfr46w,
id_9dfacb91ov,
id_y6ktvbjp74,
id_m0vy1009pq,
id_wh6qzbf62c,
id_z95bv7wxuk,
id_1ja1m4ydme,
id_ujvpt4hcwx,
id_rk515vyj03,
id_1mytb4tv5t,
id_gvd0us1v2k,
id_z5lpxz3yjx,
id_xil074hkmy,
id_l6kz6vomni,
id_qlxrff7833,
id_k0065yfazl,
id_1mowj9zf9l,
id_wvvjsqvgg1,
id_968rk2tez8,
id_e1gaxod9dv,
id_vuhpnvo071,
id_kx09qhpboz,
id_tps3zievwi,
id_bto9zykawh,
id_44vjhtpk3n,
id_js3i3qkgsh,
id_aj4c0tyl04,
id_1otb6wvql9,
id_xfn4vokr8e,
id_717anzy2bv,
id_cynodp1pqz,
id_k0d7vdme55,
id_uoapkjatsb,
id_6q69a4b354,
id_cm644ixpds,
id_bwhnaoinei,
id_0fnbrdqnkz,
id_h27gwv7yc1,
id_q7lmjrf1jo,
id_glcal78309,
id_xbx1sno95c,
id_647vl4jwmz,
id_pjfkw3bqq4,
id_inbmj28cvw,
id_6rvlqhf8qd,
id_0ef0kqz58j,
id_r16oietyrb,
id_n5dhfcq5j9,
id_4yfv8clqrc,
id_v71x68s0o5,
id_5601gcqp8x,
id_qe82wuoko1,
id_thckdwptsx,
id_o3s1src6pl,
id_dgzfxd6jvs,
id_6kmt3ssqws,
id_0jhwro7urv,
id_nogkzmq3v1,
id_92r6mczp3s,
id_pj8k4shmf8,
id_3347o77n56,
id_nsf24vhp1k,
id_4s4cnb3673,
id_qksoogoc2w,
id_stgiathwi9,
id_n7pxpsppnx,
id_wm6z2sgrrr,
id_pg26a0b397,
id_8h7tc4uu5f,
id_oi1etfuuzi,
id_4k2ya4i4pm,
id_mjxmjddy22,
id_l8n4tt0gdj,
id_ze90pi9mxb,
id_mwxmklcwe0,
id_nocutidpe8,
id_qr65f56uwg,
id_ivh9fnic1i,
id_3rcqk9v7rx,
id_9qe6ya8ra8,
id_ez3hz01oji,
id_5x6kjfsv1v,
id_rrv3dxks11,
id_ycmfxz1tgd,
id_7prbim1pvx,
id_9d1x8bv26p,
id_nyfdmdkkfx,
id_hv1xjwx3ms,
id_vp6kc0miyd,
id_s6t0j3s37i,
id_g2obj8bcvw,
id_tvxl8un78k,
id_icekj4dncz,
id_5r3wx2zomb,
id_ojmjh1k1ez,
id_r2ub3odbbv,
id_ngkzfysa01,
id_n837u73nr7,
id_yxq6wb6ner,
id_xk0pdsoz1c,
id_bjeh74v8p9,
id_xtdj0dhu1d,
id_qzx1bqxv96,
id_k6jmf2w2sy,
id_ymtau1260h,
id_d8rv5zg743,
id_4wvzp8l8rv,
id_nvsiheouse,
id_ys2edwe21b,
id_ttdmc8o8yv,
id_gri6keuyt0,
id_aladwqdh2h,
id_qoamdmzrci,
id_r2w1dh4xqa,
id_2cj2iimk65,
id_uwnn81a6yj,
id_m5u5ucpj4d,
id_o87pzhv0si,
id_c3ehybinig,
id_gh5uow3gl8,
id_vby674cqmr,
id_dju15ebtn0,
id_1f1xgvzltz,
id_rwo7i519h4,
id_g3fhwxxdvl,
id_bmao88j26l,
id_sj50cqwhgu,
id_dzv23ji8og,
id_g0uhroq16m,
id_lh6cwu9sb4,
id_tibd1cvzlb,
id_5akoxmaru5,
id_d3i0tsasjj,
id_xjgnkxv9us,
id_grxf095zuv,
id_hvzc7bz3qp,
id_6e8g4wey4j,
id_h3x5xftr3y,
id_89zdv1lm5f,
id_e3ircrzylo,
id_j04cem7re2,
id_9s456jo5b4,
id_rih4qi1hk6,
id_l4djsxz9ic,
id_vi637tqyvu,
id_1rx0b6dxby,
id_xf7o3y64i1,
id_kriyj6tkwy,
id_xnffp9aq35,
id_mxndqz1qef,
id_gqzpl0cdi0,
id_dfdhv2c0t1,
id_kb2t3z91w3,
id_zl4dvvb2be,
id_3rabr3a3nz,
id_e1nm6hwnt1,
id_xeozl3le9b,
id_a3hwnakswr,
id_jmejt3kux0,
id_16wpzcd9zo,
id_el3l6432cn,
id_54dbq9pgwy,
id_som6kuogab,
id_8i7gzsk0lj,
id_luhv3q6r75,
id_z6f7i188cj,
id_fsxtye5yym,
id_5ee4abrx3q,
id_x9893qkcpd,
id_farozbyi5u,
id_6v5ptkvess,
id_xewb203lnj,
id_yi7co5n36p,
id_2x2qvprabl,
id_6sxtf9cion,
id_r2tksxl26h,
id_awj72k6xzm,
id_66ng7mtdwl,
id_fzc9zbtpu6,
id_hg9mwsnmul,
id_h2xoz7xelo,
id_csdygziwb3,
id_30lkj3ptv5,
id_4h9vndxu45,
id_r9nugars35,
id_x33imh0ont,
id_io7qa0lw9t,
id_ba5i3qejfg,
id_ykda9xbvrz,
id_98jcr3jzpl,
id_1525f3htho,
id_f92cqzbbld,
id_to9egcj9ya,
id_fzdtkt8l3h,
id_e61nartcq7,
id_wi95pb7imx,
id_v46atnghmk,
id_fm7sgzu4j2,
id_4n8giotus3,
id_k1ou6awm9e,
id_xvx2zk5gwa,
id_orijz6t08n,
id_9u7igcyav8,
id_idfvhzs9dx,
id_rfgv9kzolr,
id_rnaje05stk,
id_w8d7vekkwh,
id_533tzechkg,
id_k7oi3neecv,
id_paoib1y1d5,
id_hvc4vgqo45,
id_gvqyvjszso,
id_6liq1c83b5,
id_zescekudyn,
id_o75kjgxf49,
id_k0lco0zfxg,
id_2vgik59baj,
id_iar0fifb1a,
id_q5ri6sgfv1,
id_08uugf74tv,
id_sfhzkl3xdn,
id_vks2hc5e24,
id_8kxz0j9dk5,
id_zhlssiln38,
id_pvnq2s5ewo,
id_8qy0m7unql,
id_ddkwzsinhp,
id_6mbxolcd5u,
id_x4u9lu1b42,
id_4gzlvz3g7d,
id_4jv9y177mj,
id_jt57asmavq,
id_jmd63l2gpy,
id_t8tef3s6ut,
id_4kqr43b329,
id_2nzfbd3knj,
id_kjwtqhgkyu,
id_waocucstxa,
id_i72lnu0wtc,
id_m11srh1zg4,
id_cj79idqjc5,
id_00knszberd,
id_nlsak3855l,
id_4miys7btap,
id_u1m7gche92,
id_i86my4sux4,
id_fqzp0bu9jz,
id_6kukfhupk5,
id_hm2iowp9wa,
id_uo005ekc3e,
id_rdwpgje12g,
id_pa9eoim356,
id_n4ae7lu44x,
id_4nd6rxg45u,
id_k6p9pxjql6,
id_wm4u868t1f,
id_155bq7g6a2,
id_8f149tdiy6,
id_p4mn7e569a,
id_hatk7w5swc,
id_bolrcqlsz1,
id_ewvpiwy8td,
id_e0nqxo958b,
id_mp6db6lrdf,
id_7dsxfk466k,
id_qbt3rkn70f,
id_vswo8g4yhd,
id_qyt8fld9zy,
id_ts9se7umua,
id_bpmc9ttleu,
id_7opifm2zyn,
id_bodlscs5i1,
id_qwznvvn3mx,
id_11lxey3h3u,
id_sp1tzshama,
id_m8rkj0r8ee,
id_6wecwjce0o,
id_rsye6zbrlb,
id_sfrltmhpq8,
id_8cv9h589fp,
id_3gxw5xmkxq,
id_s3x2sr41kq,
id_qv3mpzaf8k,
id_svaiuw54zr,
id_32vwjn8t9i,
id_cpms3ils6l,
id_m2v808o5xx,
id_bkgy5gltze,
id_abdjzk49zz,
id_lvuqil7bbw,
id_75fh8cpot0,
id_4x2ak1kis9,
id_q849cdbkqo,
id_2ry7azb61g,
id_ib1rfdrhav,
id_0cxsawokh3,
id_1yk6zlbxzt,
id_yhvl8pumg6,
id_0m5a0v9vgb,
id_fsd1jhyrj2,
id_q8k2vd63cv,
id_icgicwbxb3,
id_c1z4f9w7gu,
id_a9ztajni0h,
id_8frcenb71g,
id_6lifhl8t5k,
id_vfqn6gxfa7,
id_2covl9qn06,
id_cabn7v1n6y,
id_lagjmsfxma,
id_ij49zz4e1m,
id_mxbe8z6b0j,
id_6afyy58q73,
id_j24hb4lb9y,
id_ihyxdwcq92,
id_y3nkdl1eh6,
id_5bp3yaj7gx,
id_8qa77yazu6,
id_p3zxmj7eb5,
id_25b54rpq3m,
id_3b0d6iv5uu,
id_4zr0iiqfxd,
id_tp3mc9nzdi,
id_fcau1yv0dk,
id_5agvn9xopp,
id_e62yaqg7d7,
id_k98j2sdxdc,
id_hsdh045589,
id_evmpq94k5t,
id_86keb2vec4,
id_3bk7gcm3g7,
id_0yvc51nn4q,
id_r6cl4tjw3c,
id_wpjwl613ek,
id_k795j8l6in,
id_164myxo1z1,
id_ehe8ol43n4,
id_kdkaa4om3u,
id_qi4rtsxrmj,
id_3b5itvfm2a,
id_pur5xf0ene,
id_e53swr0jq3,
id_iqt8udvsus,
id_ujsvth014s,
id_bv5tydcbnt,
id_s3gk5xeddu,
id_oaso2m8607,
id_32o2od4y3r,
id_hozxc2fo76,
id_facr8fyhqf,
id_ubcyukm6s0,
id_h2n2tw7491,
id_3el4brwejg,
id_demrus9ke9,
id_bcwm41z5ga,
id_u57hj3bxb3,
id_ej27895lly,
id_xwb4znkg8q,
id_ns7214ck5z,
id_u0fyegf45q,
id_ihd84igu1x,
id_m0bitexg5s,
id_v6l9sl37i1,
id_5w2du26v9i,
id_z1vif1cdh2,
id_ilawgrtw5v,
id_hkv1xx055c,
id_jgbzvg8owq,
id_f3gtmruj4w,
id_rjkfdgsni0,
id_1ocrjrz3gn,
id_m2h0e2xkqu,
id_z93ryq774y,
id_qcgz2xsdve,
id_sdeq3rt2v4,
id_orynyljne5,
id_f0snda8ppm,
id_vqjubvjfwu,
id_546ke0if19,
id_jrxz4mup34,
id_8lwy3jl3fq,
id_9syj2ozzbl,
id_f13httv458,
id_03h60puq5h,
id_d2k0g7pl26,
id_r2bld4t7ys,
id_sle36upk48,
id_91o09dw5vt,
id_h8u80mcay3,
id_pyy94tq7ml,
id_8vscjs9prq,
id_zvrh8rzcsw,
id_e772peqe01,
id_9mdsv3d838,
id_l053dipicp,
id_vuzh8ak5uf,
id_onazp8s9xi,
id_siobbu2vdu,
id_v2f9i4xcdd,
id_kbwa4gkdyv,
id_l70x89pcfh,
id_8ff07dve38,
id_s7osjnzvx6,
id_cfv75jujnt,
id_uv9amqmlxw,
id_qnhgzxxm3i,
id_9fk3iiaunv,
id_sn989vb190,
id_ma4vx08df0,
id_354ha78xqk,
id_h4fux753zv,
id_12avb7j45x,
id_l4jtw790ls,
id_emx99u94dh,
id_ppu7aeotg5,
id_bpk4c2djb0,
id_jtc0vdkqqa,
id_jugbho7dl4,
id_f88d39qjox,
id_w236psbn04,
id_m019z1935e,
id_etwa7t79tb,
id_puj2pmhemt,
id_vkh44gggf8,
id_q4pdk6pgaa,
id_9pytsx2pco,
id_pc6n8sufqd,
id_9fn6c961hm,
id_km2lvvrwv1,
id_zc4lgrersu,
id_dqtibitdar,
id_wv2n0lnz5f,
id_1zaiuuz6nd,
id_339h5hfu2o,
id_zghqgymhb9,
id_oamnuwi0ry,
id_hffmn89cup,
id_9zge9x7i59,
id_lvvh88gvru,
id_2sn9kqj3zz,
id_cliqok6ked,
id_ncc6epnkx2,
id_ga26eowxrh,
id_1b6lems3r2,
id_wsx1yszi3o,
id_pcwlf67pnu,
id_yjukrxrzpy,
id_u76ofijdae,
id_ptdq27cjfe,
id_p4oy6xm0wa,
id_tdt9xzqyea,
id_yvnvnkaa85,
id_cut5ckt60s,
id_z9puldljmz,
id_ayq58hel1l,
id_cf9ynm7aql,
id_4y33s7ojxh,
id_5fjh0ipbfi,
id_a93o9j2f2n,
id_ov7fdcf41v,
id_25qttiam1e,
id_4589asj1lu,
id_hfij5vlr2w,
id_p7y09ijvnw,
id_28l5djd9jj,
id_tat5lhdy6f,
id_zjtv9yhemf,
id_xag1hyr33u,
id_65gxeiw9rw,
id_8o01mqzpzq,
id_59b0k8akd5,
id_g6g0zozice,
id_08p0dcxztj,
id_lmnqfpbjaw,
id_fehos3roh1,
id_55mcv82uxk,
id_cmgnsw2500,
id_m18xg29flx,
id_rl8i9dnk9m,
id_ivwn0uov65,
id_pd4jb32sp1,
id_dey7csa5oz,
id_18eapyn96l,
id_wnry3lpx0c,
id_9mlsvumeyz,
id_whmy7388bk,
id_d45t14c77d,
id_nur79nb2ge,
id_52j4oe7aub,
id_cjb1cx4ay6,
id_y2mxhged7d,
id_dr4hk945j5,
id_hn2ts5gl3r,
id_37cpxlp7kd,
id_ggwzf8l309,
id_wn9z4vjpd3,
id_h8ejnng3d7,
id_00x9gqcpsl,
id_wmb0oaqijr,
id_im61jg3826,
id_jfh3fwqb61,
id_uszxutr656,
id_dsytce3ytr,
id_q2kt6qnaco,
id_18h36pahxb,
id_fi4786tkun,
id_700yfd8l9e,
id_qcr2ki65oi,
id_ak7cwo8fuf,
id_xy9rwdyohm,
id_p44pzfopi0,
id_1232gzj5m6,
id_jouzehennb,
id_zlgw74j3b9,
id_urggjm4dzu,
id_v2swe2cwzd,
id_gbbwylbhso,
id_ki8kal8ig1,
id_fit27qsg53,
id_pzpkbjns2k,
id_t0i26njmsj,
id_ox70jvdrxu,
id_6yqddtxk88,
id_3lnbhwx5kj,
id_honvvdpv2w,
id_cuh0eds9jz,
id_3kpoyy8wh6,
id_0fdkx2u4ho,
id_n2hca7ircu,
id_8zy0thxe3i,
id_71le4c2phw,
id_rouz3k8f8q,
id_u54d8wccn6,
id_q279gh1oni,
id_q38jtiel0x,
id_mexlo4oeu2,
id_uca2rsftm0,
id_i38fer6duk,
id_85nggapv4z,
id_tzb71taj2n,
id_hbbgzlew6i,
id_i3ox3q1czl,
id_whh7odowtg,
id_7vkdg06ioa,
id_yxfk0u3p4p,
id_rr7aikat1v,
id_cvzypsedmc,
id_2xakmtktot,
id_25ifr8arfe,
id_jzup2uwhha,
id_4ck7rv8jcl,
id_pmwe2dy1t1,
id_fhhj7l8n6h,
id_1kqvdruu1m,
id_ly19q8zbf5,
id_reb8w1ohdz,
id_7207gbgixx,
id_5gm1m3h9gv,
id_xjwq6pattg,
id_uiicsx2p68,
id_7doemea8w5,
id_z4sbq39w7p,
id_f5bvhp9g30,
id_6oj24yqvth,
id_rfhzkibr1o,
id_dhh1zr9sv0,
id_fk9k3vmp5x,
id_gn28q3r7ss,
id_h2qdq903ni,
id_5jfer00ldf,
id_vtenzj2ymq,
id_1ujto05d3x,
id_9bxgwp8v5d,
id_0ux05e17dp,
id_68mtbvwjil,
id_9xf5bwikhe,
id_0729zdkrmy,
id_90buhr5fwm,
id_ggbkc84hjr,
id_sauny43fqa,
id_tvxkbs6g7u,
id_d12j13f6vu,
id_fvkwye6pb0,
id_ig01dnaysf,
id_igzd916xhz,
id_oprewwfsyx,
id_ghah37qmnw,
id_guphc189i2,
id_ch98lxct9q,
id_e2lw6jn1iy,
id_tlxqqng8or,
id_p0gh3cx3sp,
id_aqm5029mpm,
id_4tdwgydjgj,
id_brfvi654lc,
id_eho4hmd5lo,
id_kgatufn6is,
id_jxxzrhd6yd,
id_9328y83whd,
id_k62nu0l4mk,
id_oxfc5h6vjr,
id_z668pmwpqq,
id_6wif3uzra0,
id_pux1pivqcc,
id_q6xestett5,
id_boaifsrdao,
id_ktl7o4wy0l,
id_7vqyijfki4,
id_6l8n803299,
id_pdiztkcyvj,
id_rfup0zy2ps,
id_fl3rb90phh,
id_hkv18iosdg,
id_3wmdrqztvd,
id_m1h2bn0lsc,
id_humuvxtbj5,
id_j8936tjckr,
id_uj3jc40bq8,
id_oq77gilf40,
id_1mo613dlwy,
id_tjr7wuvta2,
id_0629wztoqc,
id_hix4k4dvot,
id_qeubzdgzqz,
id_ymjyyrvg6s,
id_rhghar72ds,
id_rcrxra8b3l,
id_sysp30l05g,
id_jiet891c3b,
id_l2wc1mahlx,
id_fg9wp36pxv,
id_qvn1srs29i,
id_emdvui3ses,
id_cca1pp211a,
id_sz6b7rv8lh,
id_aew14lgf9k,
id_brrm3kn5vi,
id_pw3auyshz2,
id_fg57z82bth,
id_kat2oty4s0,
id_625ttdlu22,
id_auwgpk9v5u,
id_zfx38u7rbh,
id_hj6ffxfgx2,
id_i9g68u2zyv,
id_l59yiateoc,
id_j12o16xckv,
id_83b2ogjxdv,
id_4qufyktv7b,
id_mab7zy2913,
id_u0jqiwik1a,
id_rlxgpbj6zt,
id_8crpb0xndi,
id_2am3kjdu2t,
id_ywwhb6np8j,
id_54x2d1jlyy,
id_dj0u43rnv9,
id_g6b08j6pvg,
id_idaq5s552b,
id_tsqljssaju,
id_fyh5y29xfq,
id_9vw42t560m,
id_qrluqzixsb,
id_n2o7t2lrec,
id_6o5uewntwk,
id_ppc87ktzvp,
id_xduup26q8x,
id_dz9roarelc,
id_v5yvi49b87,
id_0h7kj7fmdb,
id_0ncpfonewj,
id_lmzzm6scee,
id_qqii3jkt0a,
id_s7kwjld9u6,
id_7jcms7mewz,
id_vxiup1twlx,
id_ncwgqmvwy6,
id_k0z2tca625,
id_4mzfmnft5m,
id_ght7gfr2bj,
id_irz89vzrwl,
id_in8djs5caj,
id_ot7pdi4tyr,
id_h8uds4qm0u,
id_jv59it0rc1,
id_909j0nq19p,
id_y5zoqm6oaf,
id_mfezveuvmd,
id_m8ypaphewx,
id_679s8qbkuw,
id_qc3ywde5zh,
id_i6drbyxd2j,
id_owqukk813m,
id_xpzkibwbwj,
id_x07jyzsj94,
id_j9n9ulns0d,
id_kj7mfvs5ob,
id_uhgo7fuzy8,
id_8bw9k2076v,
id_k94yxciaz1,
id_0jpqphnr3r,
id_eew4qzwr6e,
id_3fwl80fe9y,
id_nrydopduof,
id_zbj8lwr340,
id_7krdktu76e,
id_ql4bmf3lf7,
id_i60gw3x0uv,
id_bagbagoi84,
id_isb3uodlpn,
id_aqsctaoet3,
id_gbq4hiqfcb,
id_pdbrsztnjw,
id_dicggogbct,
id_7iq1nbnjrd,
id_i8p6gwevw6,
id_4ajbke8qtn,
id_q5550bvd7k,
id_uunsewlp8i,
id_hegczanw4o,
id_t6r0j25s7d,
id_zgi0k6w6du,
id_5evesftdn7,
id_z1g5ec8do6,
id_4hlvt4gl1z,
id_k1gnz3i9li,
id_f92h6zid10,
id_d3mww3zcss,
id_1mj1afpukf,
id_68iolp144p,
id_pec90g10dw,
id_d73yk1ohwe,
id_v810qv8t6s,
id_5fwytl1ht7,
id_xu6va63o15,
id_1rzy0orohi,
id_6puksah5d1,
id_4krtxcktkw,
id_dol10r5sn3,
id_4l7z6sapb5,
id_w6qb5lxyj4,
id_699okjquyy,
id_tbsaghfvc4,
id_idkhipd6bh,
id_qxoh6ms8ka,
id_99yuvwiph9,
id_u8zpqzta94,
id_37jdcy5us5,
id_8h8tw6z3vb,
id_1p64zhmm8m,
id_6itkvti3qg,
id_30530c6x2k,
id_17e97eg0sq,
id_fo5ze97ht4,
id_0gcqt65jj9,
id_xqkz39n32u,
id_a679gl9lev,
id_blz5c0mj3t,
id_wdhqu81isc,
id_wt65frbtur,
id_rm35mgl3st,
id_daqic4g21j,
id_gv3464l9s3,
id_gtjadiksy5,
id_n9tqvxyzaa,
id_3w01gexkqm,
id_0z3hyk6ffm,
id_o0qusdyw3r,
id_09v8mt62hp,
id_56d1idmrbc,
id_vpkvy06e9o,
id_k9zeajcb0n,
id_m3w3eebg36,
id_x930mma486,
id_wj86br14lh,
id_2bmvuuqz0s,
id_i5vu48qr4n,
id_7a5jnrfqdn,
id_8e2qylr84b,
id_u403b9nezl,
id_yx90ymc2sq,
id_m4sc8qirb2,
id_a2so0g6x1e,
id_ymodnympfx,
id_2nn7idy7v6,
id_ielzpvbbi3,
id_cahz7h04zb,
id_sr1fdkn7d5,
id_l5j69qbylw,
id_fgy4ndanet,
id_io22qhpasa,
id_p1mchcu46b,
id_hus1v6v6ep,
id_zpykkk40h4,
id_kpty52u8wx,
id_43skiktbcz,
id_ywgojkqpyr,
id_0mzj4a23cf,
id_gyemaq77ye,
id_zqo9mg38jc,
id_6xigdu11f0,
id_f36f3loxyc,
id_ew1kjz9mjv,
id_acklcu2xld,
id_noj6e3twzn,
id_ewzruw8b9v,
id_bqrirx66xi,
id_qlxphdh22d,
id_0vjo9x7fsf,
id_4tjt7j4rzn,
id_o6nsveq2pl,
id_cvfcb1kv4q,
id_9z0f2ayot0,
id_ngfh9efg8j,
id_l298c8o4k1,
id_oa7rxzm4un,
id_rvthi493m3,
id_25yxv1ypk9,
id_93xf822bgw,
id_hpsgpzkuon,
id_i3q7gupia4,
id_yrcabwy8lz,
id_7q5xhes0x2,
id_lr2nems8ke,
id_p8sjwqdoxa,
id_a3v80p11ed,
id_8am6xxsstj,
id_iob9dtvk8g,
id_mjqjsha991,
id_ydmcz25yew,
id_h6imix3qij,
id_zrn23oli4j,
id_mmdacgdrvw,
id_2wqobtix2a,
id_mupd4r1k9c,
id_8pzix107o8,
id_4hasc97kk3,
id_eh3bkhs2lz,
id_qpi67xlktc,
id_cir0j5tylp,
id_53we9f0w0c,
id_tknh78e0p3,
id_549q7mbju6,
id_cxd4bytlxk,
id_7vjsn4znhb,
id_bn5j6mxgsl,
id_blxt1m89pu,
id_dopqe07u4r,
id_ab73ybrdqx,
id_mb4wbkyb72,
id_oa3hhk17ln,
id_8q1baxh5gr,
id_v893e5jdij,
id_3ov8idw3eh,
id_l5vty54ci3,
id_8acfbcdnxd,
id_p8v1lyq9jb,
id_r4y09cdncr,
id_ohkvvfty90,
id_5vn6fi5fp0,
id_wc62zd1cy1,
id_7hfjfcuvcy,
id_h9xccffw0p,
id_k6tbc149b0,
id_9gakc7ar4d,
id_1p7w3shqm4,
id_dl74gc13xn,
id_2lnxrkie71,
id_mk9h6rn3wj,
id_rgp3j36vw6,
id_eejdhtbz7d,
id_r85uugzgi4,
id_7t55yjb08i,
id_nygn58k4x9,
id_nj00drt750,
id_4leppo0tjn,
id_zzm5uwy9b7,
id_ueixdvrcwq,
id_8g4kj52gy0,
id_deks1yg3bu,
id_d78gypy8jo,
id_n59wcgqay4,
id_vcvsm7s4l3,
id_rk4ia33cuz,
id_7c11nwlgcn,
id_ln3vm1swhg,
id_wnaql535x6,
id_9gqo8a4sua,
id_3qbog4z3fo,
id_bao9deb639,
id_mw3346ep5b,
id_bdyfxg6gxc,
id_95f9aisglm,
id_y6fng0i891,
id_8bv9evsxic,
id_lzbzfdp58q,
id_zct6xsumbq,
id_0uxp7h7mtm,
id_t509lmog3b,
id_o98co1l81b,
id_a3bhpg8jpr,
id_suohoey2cg,
id_d3h01hgd2u,
id_oub00baj4x,
id_slwop9rmpd,
id_o7xzs0ult1,
id_6vqvh9i0qr,
id_l4mftemj6o,
id_ylkp2dyl72,
id_4m9zpghq2j,
id_tp0alf37ug,
id_k9wq3kwvuq,
id_qyinh1hob9,
id_wtiwqnxs05,
id_2wy10kz2i2,
id_pctpsxg5pm,
id_1swt579avg,
id_wwa2gqisk3,
id_6oe395ack4,
id_3j6ov4lo39,
id_yjhztcrubd,
id_rs1jnt19vg,
id_wafpjrv3ma,
id_gi7vyz9tga,
id_jpgw3l3zsl,
id_ukfb3248ms,
id_q77s2ecc8q,
id_rv8zxwc2hd,
id_u2b1g5qvoe,
id_nyibbgpvby,
id_0b7dfpjymv,
id_ckvr2h5dnq,
id_7cas8igfql,
id_r560gxap1o,
id_c5nw87wpet,
id_q3iwmm1tmo,
id_ldl5zyuedg,
id_829zansf1o,
id_t6z16sugj4,
id_06phvt4m7b,
id_4dntn4p8rm,
id_6mifh7mqky,
id_feoleey2q5,
id_0f0o9kquj3,
id_jkssrjcg1w,
id_wwhm6638qp,
id_3iofhohvw5,
id_l97ghp2zfh,
id_yw1a6z72t9,
id_4haj02adrw,
id_qq59av8juz,
id_fm7zxg8hha,
id_ybq9u8hctz,
id_gio8v1zu54,
id_uma7lwa722,
id_afnzx8vp6p,
id_1qn4jt1n7p,
id_9kd9836zh9,
id_vyhn0y6lqz,
id_vm9cnitgaq,
id_sirt10i9q4,
id_mug7j7jner,
id_ghgl0vur2v,
id_xxc2vmohvp,
id_w09xcsf5lv,
id_f9jjb6o3u0,
id_8sekixjcg8,
id_co6qhvu765,
id_5vk6b6gzai,
id_k9niw62qfl,
id_3xondb6nuy,
id_9zauho30d0,
id_stx1z83ctd,
id_vysibtffzr,
id_nhbok8dc8w,
id_m4ylri0155,
id_x7txm6vzhe,
id_mg1y070ffq,
id_mqmrjg9a7h,
id_hwb1b9x4ya,
id_xy61jmed7x,
id_gx8hrglpc9,
id_jw5kp7r6ea,
id_xvr3ojd087,
id_ycq15qjp8k,
id_8ek006swr4,
id_qs9pmpf48b,
id_prizhsvxwz,
id_nsc6y063yz,
id_qbmsd399jz,
id_v38ebddtj9,
id_2nmdci6e5x,
id_hzv1r0kj8j,
id_d6yuwdypkg,
id_y4wzz1qc7x,
id_r0q04ab2n0,
id_wi8xwei41s,
id_r5lixgt2k3,
id_2ni480caa8,
id_l8orr0gpw9,
id_xtoitjk5w2,
id_b1gtct02jk,
id_at7tppa71n,
id_7g89t5d5z7,
id_utmwhtg7b3,
id_1ek4pg9maq,
id_cswbuuflis,
id_ep96yuujir,
id_dmzxhubb7h,
id_noph1kgkt8,
id_ygy4sb4ls0,
id_0e2aluspld,
id_6ia2pr9x8s,
id_5xwevte6q4,
id_txo3tfl0vg,
id_yu9cd15mdi,
id_52ojofr1sh,
id_uhuudwvsuc,
id_qbow1lx5ue,
id_laqr2oe058,
id_b2yujttpjh,
id_7yexwsw9ge,
id_kvhex8f2dq,
id_ek4c61ygxr,
id_l6gr7s90ls,
id_0q2fkif2dh,
id_8cjyoezdv1,
id_1zkpm8ibo7,
id_c2mx3gvx5j,
id_x72k84hv76,
id_lk5rcn6oqn,
id_desuaw0f5x,
id_qhp4fd1ch1,
id_myd1a5ywjy,
id_v3ybsi2k0o,
id_m4nvsj0h59,
id_a3kjz3zqp9,
id_iegdf83y52,
id_22ffibko2e,
id_xn0fsugajr,
id_u0pl318t8i,
id_d4zvke3oyj,
id_ish10ght53,
id_w17mqzpd6o,
id_skle2xc9ss,
id_5g78i9d2sw,
id_njkq9f0la9,
id_0wca9xh9gd,
id_dswgur9vkg,
id_hwdgx5hhyj,
id_c49dfxu06f,
id_ero0qyje0a,
id_prp6rrtdmh,
id_nptpy5hfok,
id_ezbuhllmxy,
id_u663lttamg,
id_p9v807xmeb,
id_afqmsa7i80,
id_bx6035ib9x,
id_xp22jsnfjp,
id_cnvqqcrinu,
id_l88c4i9sgo,
id_6hf8kbn07l,
id_v6wel9ic9m,
id_4q8n0lfvjl,
id_yvvdxe6m1o,
id_6xzzzb2c1j,
id_5ssos4a8f3,
id_8bkl06elo7,
id_tunb6d9rgf,
id_yrv8qzn3s2,
id_6qcaw7rt86,
id_5u82kz2mmx,
id_iezb1i7b2d,
id_369sxzelex,
id_twzwnwvn3v,
id_sepnqlolbs,
id_bww032oeh1,
id_cubtfq6bai,
id_uyo0iwsb95,
id_gi01wfyso5,
id_pbd9p5eovj,
id_vnyv07w2xl,
id_7bjhijdlma,
id_sf61y1cguv,
id_uw0u6oylft,
id_6api4esa90,
id_qdbnkvf2bg,
id_hmtzzygm08,
id_95e5giybwa,
id_h77kqcw2lh,
id_htvwgui1vo,
id_2567f2wy9k,
id_2vodddaer6,
id_8tsj02a4ui,
id_7l64e9lzxd,
id_p7z2s7yzpi,
id_bpsw0ii76y,
id_qimxqe6n3c,
id_63n65pcq1r,
id_tf91mhrj5l,
id_jn6rwv4qlm,
id_yjeuslr7dc,
id_ffa46pacse,
id_9s4didasmq,
id_xqii20i3hr,
id_a0rpyf673v,
id_o6k6pf42j8,
id_jkx3qu5j5z,
id_cbtaexzqu4,
id_t1l1x5gktv,
id_77wd23wtbn,
id_pih1rocq25,
id_p82z0rpzaq,
id_s5ypyolznk,
id_vevd8tmx19,
id_oki1q1n0eg,
id_mzgdd0fce4,
id_hf62274prp,
id_wk4eg0q6lz,
id_x74ljiu1ae,
id_i1raj55zot,
id_lqvxbqiv9u,
id_3daxl9quwn,
id_bsklk1cx6a,
id_45h4unq7xa,
id_pjnd4s634r,
id_nzw8pvcixx,
id_iswb9q1y89,
id_sxn35syodz,
id_ovq4pvpkxh,
id_wbw8lhotkx,
id_tn4tj6x5sh,
id_r3dgx2jejf,
id_ht0j8wypr8,
id_diypmeuq7o,
id_ydxg50xm5b,
id_kdc6zcq5du,
id_35inw1ktxq,
id_8o9t95l1ei,
id_unfqqah7sh,
id_d6ugfdlm5k,
id_24c2tkozu6,
id_3hzqv3frfk,
id_giklsonq7u,
id_x6vugtflre,
id_8vv6rgkij3,
id_lykyrdl8st,
id_x74foxykka,
id_sc7jw01ka8,
id_eqd49ncica,
id_jubmx8z02j,
id_3gvgpeuqpd,
id_21ai93976y,
id_8qsxj1nfqr,
id_i5ajsezt2d,
id_v5edr3giao,
id_irkiraydbx,
id_3w3ekp9c8r,
id_2c6acenf94,
id_ih38p6kxx9,
id_26pvy3sms3,
id_nk2ixswnba,
id_pcdt0a0urb,
id_4bqtwgh5fa,
id_n1yi9zjwmj,
id_5c9301vpk7,
id_jyqxfo8u5d,
id_r6s021us0m,
id_fdisnh6why,
id_sxcyeifu50,
id_uuux6d7cwp,
id_e3o1w9nw70,
id_pweszejcel,
id_j321q3czdf,
id_6wlvxldsm7,
id_zkyabwmuya,
id_oajdd31d7b,
id_9shtcldm10,
id_q6hjoz3onw,
id_7bnmo7c018,
id_j2o0ght4sy,
id_4tlsngojfo,
id_123l7dsm07,
id_evj7q3gj3j,
id_ff2zwy385s,
id_mz5y35gtfa,
id_q438bk6lv1,
id_lz5qss55x6,
id_6a2mv3ueu0,
id_e18lipr74a,
id_ua6fbmcttp,
id_poaehgqmvu,
id_mcnnik0g5z,
id_6qlgc02aq8,
id_iczttppygx,
id_lash6wjplp,
id_zjwn93d429,
id_pz55p3my72,
id_vqcxdt6xoc,
id_v31mlfiwcf,
id_d4uq5o7vbh,
id_jo0c4oqbxs,
id_v3n2br9vuc,
id_6b5x4554xa,
id_sstmup9dot,
id_q8eempeilb,
id_5k4ar0jlm5,
id_i75cvi4p8y,
id_6nt6jbyqqi,
id_gvjxvg2hgj,
id_hojjw04j7a,
id_6orl03rojy,
id_7oq67jfjr2,
id_e0j1efhc3v,
id_m5dhaoiozm,
id_hwck1jyi54,
id_xabiv2k4ik,
id_4zihe5dqz4,
id_dl4w87hqyg,
id_1dhc8rpxpb,
id_x8b7u7jp5x,
id_lknovtz29l,
id_p7b1u6c76l,
id_rmgk85rozm,
id_ins7gijuvc,
id_oyobbvtwlw,
id_sqxkrciut3,
id_4ydthw7mmd,
id_o7edc8q88h,
id_euvf2wlcjw,
id_qq9z6slts8,
id_71v7s58av0,
id_x9weoja9dl,
id_k8jwbbe3cn,
id_1hwbl7pevl,
id_ih0uu2ggwl,
id_m8vs3pzwhg,
id_jzhdll9dld,
id_lkzr1k5xq7,
id_s7d3ua1t75,
id_6mjm2omy4q,
id_mwgmk2z3ld,
id_6k53ag56go,
id_7zqraj1bvq,
id_3x77yb9syb,
id_ybyez0ewo3,
id_7ks51106qq,
id_n2i240es9p,
id_hlbyvldjor,
id_fzzwcx5f3v,
id_3a1fverzni,
id_vnd5dll4a4,
id_6rhouc9jvh,
id_v9wrdiweeo,
id_zfegj9zfmp,
id_tf3ue8k03p,
id_gxvs23lo3b,
id_4lrk7sae8r,
id_6fkfy9woej,
id_eqpvnz7cg9,
id_a2zfhynupd,
id_vgca3j0ukg,
id_9li7fmnjns,
id_xx5os13d9v,
id_ad2b7vpyjq,
id_ybzfiwje05,
id_kbs7x8jsov,
id_53xhh0fosd,
id_nulfelcefm,
id_7d3e6aifyn,
id_7qht0ikwey,
id_0vsivft16p,
id_22qqfc693q,
id_rglmg6x4qb,
id_5uvwruwb0o,
id_8qe7lzuf2q,
id_86nzqb1yfi,
id_i81y5wh79j,
id_5l90i5nedd,
id_65586v7uf2,
id_udwa8f01rs,
id_qdrrzvc1us,
id_u4or3jgq97,
id_hywqd1u2ew,
id_64e2bzkzot,
id_owx85vzay0,
id_mia8sppc2j,
id_x7uq4wxysz,
id_2o6s1is8a0,
id_02u5s526t0,
id_skdqbi3lz3,
id_402rcjjj03,
id_0z82bnw1di,
id_x12wv4i9w3,
id_0gzo3alzlc,
id_kuq8mivby1,
id_8554wihhoc,
id_o8532zzl65,
id_07g7ywkv4v,
id_ba6yjjczds,
id_hdocfna894,
id_w59fcrghte,
id_3vsep3bqf1,
id_drj5nsr908,
id_ptmi94jxfg,
id_lchs3on6eh,
id_ovgyfb7voo,
id_46fgqa4ubn,
id_38ihw6xu52,
id_b2g01jw6p8,
id_pddr30hr6l,
id_4uccbflx0s,
id_46etsetadu,
id_jkyk4zqimq,
id_8ytze0hms2,
id_02pjjcupy0,
id_jehf2eeod1,
id_xuwlsfztrd,
id_3nxh2b4g3z,
id_fao7klyrkd,
id_h1ndewduvd,
id_dc56qyzb8r,
id_bcdk61zss6,
id_2l98ikvbga,
id_try9128sr7,
id_64g7h1bt0r,
id_p8lb4ap1zw,
id_halm5bdi5c,
id_7es892z5j0,
id_vrn5q14ysb,
id_58l4kx96n9,
id_ufywoodvq6,
id_846vy0nx20,
id_y6wc6s8lbt,
id_4y28jugfhm,
id_dd9f7ofouf,
id_1iihackf2m,
id_0pldv00si9,
id_b39y0cznlm,
id_om41txj2e5,
id_acd7t0puj0,
id_100h62mj6j,
id_gnbln9b4h3,
id_j6o0ax5wet,
id_fgyy0jkptk,
id_ribqnmxg54,
id_waboml35t0,
id_vw5vll5geb,
id_jzil0fw5vs,
id_cpdvhaduzn,
id_c7j3hpu79f,
id_rge28v7l6l,
id_acgplxzf9l,
id_qj5acye9qh,
id_vukj49ve6i,
id_kocnp7hcmm,
id_wg6ex4fe16,
id_bwge1fyqas,
id_y0ebrz99nr,
id_vo4vdv9ico,
id_j9jruvfn89,
id_ly2pxb3h97,
id_xvr1bixwfz,
id_arkaweiibd,
id_ysumrwatg7,
id_dbc09a8sei,
id_0snqf828g0,
id_o2a7b5bkpw,
id_2yvjidazvx,
id_si6dihgj5h,
id_v38yd1y3vi,
id_13ccr9sb7i,
id_7qk2fkcsv3,
id_oasrpv0vd5,
id_6yk11z4e5t,
id_ih93vssnko,
id_mz4pooa7lk,
id_tb2x0bx0h9,
id_lw88bvv4j9,
id_6ns0f7j3yp,
id_p0hr4lnyf9,
id_74z84nxh5v,
id_4k8jxhf70v,
id_ye8fcmtzx5,
id_pwdo357ari,
id_jczg9jaosv,
id_j3yua1fsph,
id_100xe0ykjf,
id_tconolhpki,
id_h6k62th16d,
id_be81o4v4zm,
id_5h1hggdsej,
id_15kebpxccz,
id_urddje2ldx,
id_zczjmd6xr3,
id_wmvwcck6zr,
id_e762jnxwpz,
id_hv468rb735,
id_bhihuhwf07,
id_dloyqb7wbz,
id_bnv842c8ov,
id_kt4rdfmzkw,
id_0e6atuxyik,
id_zbgxkqs8wr,
id_f76v75zd0f,
id_wujn1sgbjy,
id_zbq0jdio1l,
id_mk5cdjqeot,
id_2bhewpwvmx,
id_irv2tyxvce,
id_soo62d0132,
id_6c2se28032,
id_kqxkdu22ts,
id_injtki4g4i,
id_uwdq0m5usc,
id_st4xyujypl,
id_q1gluox806,
id_osrw3phhyu,
id_666kzhhi2k,
id_hmcx4eb51p,
id_3kf7j441jv,
id_wxjrufrvzy,
id_0qgkcspo9b,
id_qaaejuy28g,
id_izaqhyxiux,
id_h3gung2t1n,
id_4hr6p4a2a5,
id_ei6na5uso9,
id_4uq1srjtm0,
id_kav19rqoke,
id_6qr8uq5k6o,
id_j80c6m5jm2,
id_9eq5rdkk35,
id_z9510uwuem,
id_1n1uu39vtk,
id_fmckthl3y6,
id_21lm0mixxq,
id_zr3o5ww10t,
id_zf18fr4kjb,
id_1e1ob0vlaw,
id_21igecrseu,
id_nutbf8h0sn,
id_iwbl46e4nt,
id_0ddpx9x22k,
id_bm50pl23o1,
id_r4jn9ovumj,
id_qr2i1shuqi,
id_2975mhyxz2,
id_3c7a3ay4c5,
id_4k363kolww,
id_v1z3fep62e,
id_gdzyv3vp5l,
id_jw64w18z88,
id_bwjymb2mua,
id_gfbvy9o4qc,
id_f3ooluldin,
id_o0pfq0ul2k,
id_eab0zg52rg,
id_ogo7oerxfs,
id_69aihh2oq8,
id_5rnxm4vny1,
id_w89utkvc8s,
id_mr7i8phcaf,
id_1gvvgxfhza,
id_q22n4r2cm2,
id_28kdb8pb56,
id_dwdr7ubzgq,
id_yevs7seigk,
id_1lizekyclr,
id_7e087cvk2k,
id_36nq9535gu,
id_x5p6h87n9j,
id_mhnniop9bt,
id_1r1cpj33gw,
id_nglgy3dky0,
id_azitzczs9u,
id_3rtvlchg26,
id_bq2fw3dtgl,
id_shsni52m17,
id_fnehg4crg7,
id_3zjue60ovq,
id_7qhwv11h8r,
id_nnpb9k2v8g,
id_uonzb4rc39,
id_k54eaw2q23,
id_apyn7t5mxz,
id_drajnd7e44,
id_ax3goz20fk,
id_ztownhbyfu,
id_1asc6s73j1,
id_byvbwmbmz0,
id_e8exij8xt0,
id_mdi8vmwt11,
id_dikipj2t7z,
id_mjggkl73uw,
id_wsb0ll325f,
id_03x4yxehhk,
id_ctaklt0ldz,
id_p8lia7pn8v,
id_57j0qpb83z,
id_7uzo2vl33y,
id_rpvhav2f4h,
id_ed5mecpolu,
id_cf4n86y8yz,
id_ndtctwtjy3,
id_5udaskscte,
id_885szlr3ns,
id_sf04h0atf8,
id_tfv7yqaoj3,
id_ea7loenh6s,
id_ixy6nb5tif,
id_z9n91a8cv9,
id_zy01eztsvc,
id_x4bijywn5k,
id_wu98hgfxkn,
id_7b4aorc5c2,
id_ap0s03vhr3,
id_vrnk8hiyyq,
id_ut9tenxrht,
id_h6umquv0b1,
id_z9sn85qlsj,
id_5m8ynii92d,
id_nnpi53t9lk,
id_24r1dnqrp3,
id_6le1pmbyi0,
id_funkc82sx8,
id_5lkw67yois,
id_cz5lbhm6q1,
id_4meddwgwgf,
id_upcqasq437,
id_l6yb6g01dx,
id_c37h1lvldq,
id_fn9v9nq1pu,
id_0b4nxl6wah,
id_waz41lun1l,
id_tmskw9j1en,
id_2ljk70b5wx,
id_010ri6bmxo,
id_1b3g371qzf,
id_wg0zh24sje,
id_nhnb5znr07,
id_96bywi2lu8,
id_igms9uicvq,
id_fxxrb7t5ia,
id_vre0wh5z7m,
id_fspsmgz71b,
id_o7w4inm2n3,
id_78fygy3vt6,
id_izupo8ww29,
id_d642wcuv8k,
id_9it8s8f5cf,
id_0sx7e5tu0q,
id_2p0uvgqe1h,
id_vwzpjf1tzy,
id_hhsfpp0c6w,
id_yvwxw0ul86,
id_q9hio4rrwk,
id_5rfuamb5r1,
id_oislq1fyjb,
id_4188zt12pe,
id_bjdjhfx8h6,
id_x81nsamhms,
id_xv92nw9awu,
id_vrsnyn9la6,
id_p2vhjjrxxa,
id_kzyv4o67o4,
id_z08gcmkwn6,
id_cq4gpuq3n6,
id_txi7hmbfx2,
id_o1xjbv9udh,
id_0geeh82l1l,
id_xt7rqow6y5,
id_xd3t1xox8l,
id_hks8u7ao0k,
id_o0f3ymk3wm,
id_0tbbux8d8r,
id_gemalz20vg,
id_eub6a44t1c,
id_pu7ne9ei7c,
id_aa2bafeu1u,
id_zbbj80wkfa,
id_831ngp5vwe,
id_xl1ks2f0yn,
id_4ckhbi26v2,
id_ti2gnofnrk,
id_6h8grurj0y,
id_4v7gwd6epa,
id_hndsrd7ht3,
id_y9c2spyxan,
id_hu4yajgci7,
id_9tug2ut2hx,
id_usy7luf56l,
id_00p1djp5la,
id_0hlk2zokbp,
id_f3wzk0bkg8,
id_zksobpzfla,
id_frxflvgedh,
id_g7wpl4u3ws,
id_cyo5nrnv0y,
id_ktkn3090wn,
id_8zmjcyxip1,
id_9u9y2zoj0a,
id_blqt83q7nw,
id_rkhel834rg,
id_6dd1v09959,
id_dm3lqg39aq,
id_tem27wk1ri,
id_nvp4upe5u7,
id_iyj7a9u7ft,
id_aayqsjdxwd,
id_uvmaac8a2r,
id_mv2s8rtm2m,
id_5byn4congg,
id_rejd80b6w7,
id_8w9ccwmokj,
id_laioj9xd1o,
id_b49f61ghvk,
id_xdt8l5y88m,
id_ek5n4q6g6l,
id_yyv9jeg7xf,
id_tyv8k3xvgx,
id_su842mc28z,
id_6q79ac9bai,
id_w9nicc040r,
id_feegp50d02,
id_xwpwgp23cp,
id_qlqsbu2p8f,
id_t6zi917i01,
id_2ckwsaf3he,
id_2np9zfyrwd,
id_z5v7vfp5is,
id_gjxavq5ztr,
id_x6yficn86i,
id_yefuw2rjks,
id_logj9cup72,
id_bqn6lx0281,
id_n1zyhvlz71,
id_h1339hmp6r,
id_xdaypmdqsj,
id_bit5zd57pt,
id_oudbsel1el,
id_6gdwcrvgfm,
id_upkfns86ox,
id_pzx2qxduq5,
id_cgbf9oczrb,
id_3s9xpwli3t,
id_btxs86oah5,
id_zb1fmdz9j6,
id_9yypqml1w4,
id_ozb97gx989,
id_oysoje74xp,
id_456i0t7hto,
id_ulffasuhpx,
id_n9lk95xk1m,
id_polu7h7r8x,
id_06142bhpnr,
id_v8mnt8fqh4,
id_f1ry1zyu9d,
id_1snoyw3u5i,
id_evyc623ej5,
id_7ccqykrnt8,
id_goxyslv9ho,
id_1t1l7n3pez,
id_397cpk9zhp,
id_9cj9vxqbrw,
id_avl2xo49gu,
id_re7i4hidjo,
id_rw00rcifju,
id_bam713lofy,
id_ik9dr3vmab,
id_r7r72kwxna,
id_prdceo102v,
id_mycemzp51s,
id_e5ykx5jw4z,
id_5i9y7zkru6,
id_08xofgsp87,
id_3hhu5t084u,
id_wjiw4a3o0k,
id_ifj3uhso18,
id_e0comp1cip,
id_rv1zb9pean,
id_8cpxnmqc1s,
id_3ounz0ga1x,
id_ul9uzox5pe,
id_x73el150ua,
id_4h1kru0lla,
id_sc0loiqzik,
id_jui1ljf7sb,
id_vxxid0hw1c,
id_yfc114jjoi,
id_eylvmolpgp,
id_qou4k3ufx3,
id_t09331eqhx,
id_lh5kqimkw9,
id_6bcc4pukcw,
id_9px7tyyj7d,
id_n9xcqjbj36,
id_hcisxsoodt,
id_oifuuljmlk,
id_21edx5jjub,
id_tdrpohsbzk,
id_q15ff8dad9,
id_lnx41ur70k,
id_4yuw8uf9cu,
id_4zf6svidih,
id_yosds2dk33,
id_zdzn6fc3mf,
id_g9wncqaeh1,
id_97djomt6ws,
id_2cpf09a0ey,
id_tzu54tb2bl,
id_167minsgt8,
id_q1p8qjn42q,
id_vqri30zt1b,
id_x6cxanc8jc,
id_j9bjcpy61q,
id_5flg3jrd2w,
id_cuob0og7co,
id_ji70c90l8i,
id_1miceege1n,
id_f7fyjdtcpq,
id_ram6uq3zjz,
id_unzz7esgmd,
id_ms28qrts3e,
id_rmlebf24do,
id_uw1j85528f,
id_i1b7ryirrv,
id_opona2g5g3,
id_np2d5njda8,
id_c5sy4j19nm,
id_sln7uainv1,
id_jpwl97yilf,
id_wdw9q5aaxm,
id_lomzbgx42t,
id_cn3e42pnra,
id_a1wv3di8ln,
id_504cyg2ugp,
id_doza10yotk,
id_sqngj8gy92,
id_cgr68eupun,
id_r1pil68r1b,
id_4aljd41a9n,
id_cpb07u464f,
id_8fk3bprshg,
id_ordu7nnn4e,
id_b4p0gyvyyv,
id_bckkpl4f90,
id_ezth0blqc9,
id_l38sijv3l3,
id_od8wohq6yj,
id_eu5ge02z07,
id_vqzf7en7mp,
id_hfig6f1n4f,
id_01ir3iq48y,
id_lwwz70v609,
id_b9hg2qfwew,
id_err5gnldmi,
id_v7mkbddfwf,
id_en328cgsfr,
id_z85crki6ac,
id_a8y686c48l,
id_hd69au800k,
id_qjxdd7xag3,
id_5txnsy8myg,
id_gme8zjm9d4,
id_uwms2no420,
id_7zs24tfnes,
id_85ehhv0jyr,
id_wehwx6yrrs,
id_ln8qsvhc17,
id_vpraftjt5d,
id_yzjns2srez,
id_13swbn11cl,
id_t86g76wbti,
id_pap3pdpnuw,
id_6huuq0xs7q,
id_8cp6u228nn,
id_ha9b7z9bo1,
id_hnf5y8xoho,
id_p3kgvkoft6,
id_h4l315908j,
id_emg49eebfs,
id_feuc7d2uv7,
id_ewok6gjl28,
id_db0kxt8pat,
id_qiyln7d3rs,
id_tt8nj0b35t,
id_son4q5pbt3,
id_v5ezqnl0oc,
id_iimyfccw7q,
id_uatyijpfp7,
id_ypt8wg1vet,
id_ws9hsjk5xa,
id_0vm1rdii8u,
id_7qin9isj6k,
id_0kbwxdtkdp,
id_jzth9udkis,
id_seoi7go8jl,
id_9016rtwn2z,
id_4mx1glf1l3,
id_vb8ahc3nqh,
id_egwq4jmpbq,
id_gqg06ss0v1,
id_jgykf8hjjn,
id_z3tonxnx9u,
id_umya53870y,
id_yphs315xyg,
id_side3oquzx,
id_q8v5o7m9ad,
id_efoue4a78b,
id_scycef4gdc,
id_sqdhrnhv90,
id_h0tkhrdl29,
id_a5ho91bs07,
id_df00ox5q5c,
id_yla28p60ds,
id_j0kvjvsdjq,
id_61fxuxgtja,
id_ob8yw5xn22,
id_hmfdqflhky,
id_1zwr96d9py,
id_apcvbuz68f,
id_nlc165d2s1,
id_owlysixubt,
id_lxc05cbwup,
id_h3ttu0cyfb,
id_lfxm1pewwn,
id_hjwu35k4w0,
id_xulyfk73mm,
id_jrmc6dfujy,
id_eheugny15a,
id_xqgvlglt93,
id_uu69j3q7hq,
id_1p9u9891he,
id_pu0psvjtbw,
id_jnxl4q0hjd,
id_xwhhm9i538,
id_gqgv816voi,
id_qolqms06oq,
id_vlvff6h874,
id_v9hzdy91sx,
id_mkv4jy61bl,
id_pv3jovnrgd,
id_688rwev3wb,
id_ldtwqbm4u9,
id_dguoup7ev0,
id_hx8zfwl9mo,
id_0r55oswovf,
id_mtr8n3gq7r,
id_pmmjqxnapz,
id_zl632qknb9,
id_eh9pj9wn1e,
id_dmljry010i,
id_fgpr6ckvvo,
id_pfn6fn6il6,
id_z79hh1bsui,
id_ofu3sjthrb,
id_2ahx17r5q5,
id_bgi327fg5n,
id_ef9ij6ngsh,
id_frhvamzj9h,
id_8jl5n1s92p,
id_6kf1eft48s,
id_cm7myyrbbc,
id_74rwe3a4cj,
id_b5xac3dq9f,
id_gachz3cli0,
id_9jmejdduq7,
id_9x9x5gbdx0,
id_212r5hf6xr,
id_z4vu92zaed,
id_tb6qop5rza,
id_5j7ypwfby7,
id_rml4p4aw75,
id_ezls7n0xk8,
id_3k1zi7hje3,
id_zhkulh4onw,
id_p9nc1xge9j,
id_6o39g7p8rz,
id_05jj0y0jfh,
id_zvij36nlqw,
id_z8iotxirn9,
id_r7xrm0gq3g,
id_5aryrmmj0b,
id_284a14ecs1,
id_msk5pkoo3w,
id_hozhz47v15,
id_1tcd6y19ma,
id_fqntbwrrtl,
id_rgv4daqpo7,
id_9s6a0u2zwq,
id_hp3aum0rqu,
id_a0ejkacu34,
id_pd9krqu2w2,
id_93yq0ymxfa,
id_l96ei8uoqn,
id_arzu0k07oc,
id_to9jcnmnz0,
id_ozuz7q2l4j,
id_kstpkx98i8,
id_0ys5iaxv49,
id_rjn09cu7zj,
id_7jzvt9i7nr,
id_nttk0vhbtp,
id_idnwj8my8h,
id_f6o2jq5bsv,
id_hwvqsmard4,
id_oty5a7e1mc,
id_ybohcdfkxr,
id_vrh2m205dn,
id_l8zx4nkhnb,
id_xjoh8datmz,
id_lnfn4sdpng,
id_fsav24axpm,
id_xs9hlwqo90,
id_g6k1i6dtbg,
id_lf0kkcyvqq,
id_x5n1ff388a,
id_1grnzztfhd,
id_4p3k0j6p8m,
id_ahdvfkbuc8,
id_crw54sfpa3,
id_h4o8zd1519,
id_qn0rh3c2gh,
id_if9jsv71u0,
id_jpl87knxk6,
id_fjmtdmtn5c,
id_7d98qqjqz7,
id_mxh2a7r0od,
id_lvyhbbk9tk,
id_n3ufane5ka,
id_xfu1mxcy6a,
id_ypkmcvgrvd,
id_mivb722nwu,
id_bavodbnjwl,
id_0s9jtt7aby,
id_bq90eubh1u,
id_3tcvy1ksi2,
id_061c85pkke,
id_xabr9f9yfl,
id_c3phpndqwv,
id_6wp54q9pbl,
id_2csn25essh,
id_9xvu4loc8m,
id_95gllfm0vw,
id_vb1trupy88,
id_34kzkqv3tj,
id_5yfrcku68s,
id_f93zzkiprh,
id_g4z7j9185f,
id_ht7wlwu8kp,
id_a8fal08nve,
id_f3sdq7bo35,
id_0zjrw4ixue,
id_m1nmzfgqgj,
id_dj35z113kg,
id_0dbzeiyz5v,
id_khsys75c23,
id_6y20e5ovee,
id_ftm4snuydo,
id_huavs9qoun,
id_vnyrvqjbpx,
id_tt9s81t8mf,
id_1jwvc88nne,
id_8noxvllxb4,
id_rl8wlg2ks1,
id_sal7vyznpm,
id_op7qu9enty,
id_3duhuqgpro,
id_zegu68f1c8,
id_npdt5aw47f,
id_w2qqtqjv04,
id_14jnttligj,
id_w1e8olov9x,
id_ospv3w4wmp,
id_ny9b5vldrg,
id_92shk9hqle,
id_ybbbpwboik,
id_rg8cibjws2,
id_64kgoy3m6r,
id_gz0epvy13k,
id_ypvck6xvrt,
id_6uy8g9yut7,
id_n0kb6qc35e,
id_cbs0cqfmpp,
id_8buvjvzg17,
id_m0u0btnrpy,
id_okgb5gnedf,
id_t6q1k0ek9g,
id_r3vkjt4lzn,
id_qnj0ymo9hw,
id_n475fsp60r,
id_zycs5t5chq,
id_7yu71eaoym,
id_zll8cvwovf,
id_phojsat1fv,
id_hf8ses3z2l,
id_u86m1ti2i3,
id_w649ki7zdt,
id_tpog254t23,
id_u9ze3nwuns,
id_ezrs909v9e,
id_qk8h2aq76z,
id_pjvqz3lqke,
id_imvkfswtzz,
id_4fp8c2kknp,
id_hh6qk00h2w,
id_zk8oqjmcxf,
id_ymak9jaxwl,
id_1md2we3hg5,
id_82nds1t4qa,
id_2fb0br7awj,
id_wtzlg708s8,
id_q0lw7yn1bx,
id_qvmytwssie,
id_ru37oct5l8,
id_rv8k8p5y5r,
id_hjojqkvkwa,
id_98xrikkgyw,
id_y5gbvd521r,
id_wtxn8ox2k6,
id_x5dpq7a2s8,
id_8yrb92ddo0,
id_knnv0pz0s8,
id_5jef8ot0h4,
id_9tzf1fiwxj,
id_js9rat0lhw,
id_nugneci93h,
id_x8ue0hqrfx,
id_8qltmyvxx3,
id_1cpratvu9c,
id_2xfp9bq2gg,
id_xlvx67dgjm,
id_q4r4y1v53n,
id_1p4pwqhp54,
id_u0hnq6b8fn,
id_dgo1oyyvet,
id_p0l1hlacfl,
id_jmhwqyupiy,
id_a8zi2oxhwm,
id_ls4b1pagi4,
id_4jc555bgno,
id_wz78ja2c9w,
id_revcb4lcy3,
id_6qywmu6khw,
id_44lpncsmp1,
id_vfkiabngwf,
id_k70a1ncl0k,
id_grpvm54yw0,
id_tg23wg8337,
id_ekp9o0leg4,
id_1s5l3tfwvi,
id_2hgmbnz531,
id_30bzp7ivwq,
id_sqmnvoz9cu,
id_41rozu5l34,
id_bcskf4017q,
id_jek8de9cnl,
id_8ghdamozil,
id_5c510spsxw,
id_ch3wsl8b8v,
id_b0m5pb8tdu,
id_tn8ocu8obx,
id_23yz8mq2nt,
id_hebpvgn2rr,
id_9fub5prfh8,
id_9ed98bh6jd,
id_n073y1txz5,
id_wfl4mb6gm5,
id_cbdg2fr4ac,
id_0jbt9v26ry,
id_zkqh5fx4xn,
id_61l9g2xame,
id_iez5vufisj,
id_xb1dr74ern,
id_himjf0ehg3,
id_qevclowjas,
id_c5agafoj1s,
id_fg8l3924vs,
id_3qepidyc55,
id_pfk6ljdh18,
id_j66456eute,
id_dt5syooqpi,
id_bjt86cd6j0,
id_3gosj55k6y,
id_jkaryy91h5,
id_47u9h9ndl8,
id_6jxzqvpeqe,
id_1t0jv3aq1k,
id_l3orr1mnl9,
id_5j9d21uj4a,
id_vhlwbfglhf,
id_bubr2eejdz,
id_mjosjiymyl,
id_dwi3utkn77,
id_ogjfh43u9a,
id_f711z7swmx,
id_0knrunwtxt,
id_vlav37fd05,
id_a27zbknqwd,
id_4gllxqcd2b,
id_gbtlue3hmc,
id_u4fe5mysq9,
id_lqzgv1biho,
id_avv3f2op9c,
id_z9biiki0uc,
id_g7nxpleovb,
id_36h93p0fg3,
id_bnkqwtif1o,
id_6c32qrxyez,
id_nw2w527veo,
id_h4aqatw8d2,
id_zilc20395e,
id_zq77lu5ran,
id_n667fwq3sj,
id_7knt355ztf,
id_bjb44cp287,
id_h63kxh1dmr,
id_ttes66j6bi,
id_n6cvuauh46,
id_nii36ee4rg,
id_crd1kir12u,
id_qqiutzgjpn,
id_4ph2zj4zwl,
id_l7c7y9qboj,
id_uobq863cj9,
id_bc8pjcwgg7,
id_fvcv29x6sf,
id_io9o2har1t,
id_9kr3loeu8d,
id_pdw2yozoe8,
id_bsjwvt1v0z,
id_q9y6rvq4nv,
id_ca11ho1y3h,
id_em8w07jvu6,
id_cwsoeavusf,
id_v3igpla1bw,
id_yq6t46zuh1,
id_p92ublxejx,
id_13wgt7g8xn,
id_xfo19v5pwr,
id_esbzvtre5t,
id_f0gxa9uvb8,
id_dtmln2zc3m,
id_6p1skmmvo7,
id_cewfhu8j1p,
id_7u08tdxsto,
id_bdnfyp2pm5,
id_uw8m0qmped,
id_dl190qbjcc,
id_ee9hh0q2yh,
id_q7guk1bu0t,
id_bb8tds4nak,
id_2t4tgodogc,
id_d94zemhfda,
id_mpr8mza34f,
id_jtsi82ifsm,
id_leei9h8s1c,
id_t44ci38gst,
id_ud4xbsbzct,
id_ukryqixkv9,
id_utvv9q3zob,
id_04gm4kubsg,
id_c67pf9bkyr,
id_t0eqwcasy2,
id_2m1iboe8rp,
id_3b5atvu2tl,
id_47idsdom5g,
id_mvog3cvwhj,
id_tq4ktorkjl,
id_lg5lns5fcv,
id_mh1hwjw9yd,
id_s7bo4y09uo,
id_xgm8y2ca5r,
id_yuypjm05jd,
id_35t5y0hirt,
id_8y72ht04bo,
id_7xh45we6jy,
id_1kium1i3ll,
id_pne0mrs8qm,
id_b3oaqoa1lh,
id_51ti774sm0,
id_2lxhfzyrhb,
id_sc2rdfm709,
id_ew8f7fzxw3,
id_3gy9uue5w9,
id_zj9ijhz2ji,
id_4g3olq7hqf,
id_ukfmlccb0z,
id_dcoeogdsc5,
id_gbhnsa5p4g,
id_hk1vsqiwle,
id_dv1lh9fd3u,
id_zzmyef4f8u,
id_o806he3d2a,
id_ku9ke0koy5,
id_z27h9qsm0i,
id_mqfefbegww,
id_qedcjpdzcj,
id_f9izkaf8lt,
id_srt0deon6c,
id_egx3dfjtb1,
id_b0ejvhxf8d,
id_3x2h4koss6,
id_obu2r8ajxv,
id_b8hyyhw06m,
id_7xeku7stru,
id_qd1svahkx3,
id_uet3cs5jby,
id_jydqjh065e,
id_0xkpib2m7b,
id_9uan2ooim0,
id_zwbl8n96xc,
id_6nj4ebqe59,
id_ebefiax1zh,
id_k6bqdbbrgy,
id_3juvcv7ack,
id_9r6lrg56e1,
id_t7mujbn6fc,
id_k8p6czhzmi,
id_kinpf1qkpw,
id_oq46fte6v6,
id_m5fs3xfzqk,
id_7ujsmjvf96,
id_lonzcbqoor,
id_baj3td6h1s,
id_5plxuqni5i,
id_j452p1qqnn,
id_ezd8ur1zay,
id_s3mvku0471,
id_atad9bx7e9,
id_qh3dpr0pfr,
id_k3btfgpez8,
id_22kvnwffmp,
id_4r948x5lc0,
id_3hybeghd5y,
id_pm525d3n1w,
id_ki8bqh2hh6,
id_q9pap3vnzh,
id_jz766kl15m,
id_luojjntlcq,
id_h5hc0uwxcg,
id_tr5qgel9il,
id_qncplp3q35,
id_w251sqtfla,
id_25uyxv2dpy,
id_zsl8oecg89,
id_65qe00ccfj,
id_vvcbb27y28,
id_0k1uty5gp9,
id_kqc38sax4y,
id_wx8vbdijee,
id_iys338ntl1,
id_t4nqwenybd,
id_1ghnabkln7,
id_orokn8an8y,
id_ah1ix3joxp,
id_t5bagljpw3,
id_ravzyzkr7p,
id_o9puq26ozb,
id_7xt8q9ueo7,
id_i8v88mj53x,
id_88qop1ehs3,
id_awcudk0fah,
id_19vsapaba7,
id_99cukjvr8p,
id_40oz5p7ujg,
id_i4k8yul2zt,
id_ww5my6h6k1,
id_q41gu4rbdt,
id_nxpgwdff7e,
id_aerm3h5sja,
id_k4rcgw88a9,
id_55ztlobl3t,
id_j9axuii821,
id_si264v1gwt,
id_byoq2y1lu1,
id_1zs83cce7q,
id_xtzbp90bac,
id_vodng4ducs,
id_jzppxgf5ol,
id_jwobyq3grx,
id_caqol2mn49,
id_hdlxi9h5nq,
id_b4aubukvqd,
id_ap5gsrf465,
id_utc42zrkkc,
id_j0ttc4hek8,
id_5dhl8stn9r,
id_3ouyw167rt,
id_90g8aosidw,
id_fmi1xfdlxb,
id_az4r4hojny,
id_umyyqnp8bs,
id_7ptbhu0hdm,
id_yx5znr4a85,
id_fmv2r9hvme,
id_llz5ciojer,
id_vlchkj8voi,
id_brb1arsd2d,
id_1e04wyifiz,
id_cedxzfnt2k,
id_ovqlhqa7vl,
id_wns3747fan,
id_lep1m0fcfp,
id_lsbtkx8kae,
id_3v0saf5vly,
id_y42xqazpds,
id_q6tdek98xj,
id_idpfh94bj0,
id_4r6maa6u3q,
id_nd494tyxq7,
id_6qqeyo1x4i,
id_d0n1y52tox,
id_ar9dedcmt6,
id_bbkczrcvmf,
id_jxjrdayuep,
id_faf48we9f3,
id_irjw9egpbw,
id_qia56d11aa,
id_nmcz1sd64f,
id_pgx0gvbo62,
id_yzaw2rmer4,
id_jpgtmi0i5i,
id_o9rfp9v4fy,
id_uy21x7wsnm,
id_e28jf3sh1q,
id_88k3hxpfp7,
id_y75q6xp5jc,
id_wvl15rt8bg,
id_y3r225xuzi,
id_1ih3vchiql,
id_tt2l06rec4,
id_nyxiwmph3i,
id_7p46956xbc,
id_wktrdaly8j,
id_cd6r2nhkch,
id_h07bpjabi1,
id_j9dnf9j6n2,
id_hi2rrdf8k2,
id_x78ejj8wrt,
id_eyi6mrrc9b,
id_0imsyvaqc0,
id_5zx08hi2fb,
id_szpp0k1xay,
id_8q1nta6pt4,
id_w7bd02ocee,
id_7wd1hhdhh1,
id_slm3ip7dgs,
id_nrzfewr9ck,
id_bunvznapxe,
id_yu8afj0wil,
id_zcau1dvw5h,
id_t4i0h4fc0k,
id_r185iisfi0,
id_ohrtmxfoqk,
id_ev1y9760ma,
id_8ovk1lsipt,
id_5kbrqa52oo,
id_pyu7ch7t64,
id_x2hg6oe6hj,
id_r45fdb9awc,
id_81q2fl9i3h,
id_qazxkyud0r,
id_yvl7npnp6d,
id_h5q91jpgfy,
id_t04zahxy6d,
id_yj4qt9pmrt,
id_vjwc5zpq74,
id_sv2xvxxzsh,
id_mgqoju3es6,
id_dirwkvx1lv,
id_bksr1nc2yl,
id_mcr3nth4bb,
id_5taz3yz4zd,
id_n2hbwh4vxm,
id_arv5kei4hw,
id_escoay6gwk,
id_g3a05wvrre,
id_vipm4wlwns,
id_nzx44cit13,
id_wpbed4si6h,
id_vy7yti4g22,
id_v0x1ahxrmt,
id_ytw98ljqdj,
id_ixrdvjim5c,
id_4gvs4xfoxy,
id_p6351twqgk,
id_366zcu3bo6,
id_ycz1bb1hq6,
id_e5pj3gqhd5,
id_486gwje0u4,
id_c9mynuwmyd,
id_q1en94gimt,
id_13zzfwdczk,
id_hc5tcnm8t7,
id_81qn7dfhm3,
id_qug27h9vt7,
id_7tsldqxu3f,
id_17ubypf1js,
id_qamjmxiwvp,
id_m5c8tkdygi,
id_74yxgvmc37,
id_tita0h5k4i,
id_b6z928d7ew,
id_bmmkrey5zr,
id_rguec2c0rn,
id_9bggvydum0,
id_p5mjba0w6v,
id_n2a742p82d,
id_mjsgakj4pl,
id_92jsz3vnbc,
id_tdc7y71ha7,
id_m7ijpkrn7e,
id_ki7835mowk,
id_l7efga695z,
id_s17te6wgh4,
id_sy3cm6dngj,
id_e7tyvcy239,
id_5l05f33t3n,
id_mmxjj9ycwx,
id_t3brxipgur,
id_n3792s8wk2,
id_7wvjpgodbv,
id_o7onx9t4jc,
id_psren6asul,
id_9keyhf1811,
id_s5yrkgfeu5,
id_yvggaaav3l,
id_7gerx790e5,
id_326vzepqqh,
id_23gofqw24c,
id_gva7mghw21,
id_m47cb28437,
id_8syneq3m9o,
id_3i5mr6yxkz,
id_mor8rf5eta,
id_mwk1b4qw2l,
id_minmegpj03,
id_5svhjmywxn,
id_xhbq8p57uu,
id_pilpnne58x,
id_nhho5j6dtq,
id_f2i0ww8s7y,
id_ftdzvhzpww,
id_627p54qmms,
id_iz4nwlccaf,
id_hliqnln1x6,
id_em48a0kmah,
id_24yxlhd2xx,
id_mspt0fcqq2,
id_m9941qopr8,
id_pkzcu4b1o9,
id_p0w856lwbp,
id_nc3hrocz13,
id_i3y51jortw,
id_8vpas8kqe9,
id_0t7n8z1o98,
id_h80pwpsyko,
id_pxbxufgk7c,
id_tn1jqoup4y,
id_msw56x30g1,
id_w17qlrwp6r,
id_ds1fz6wgtc,
id_eiuy5p6l6v,
id_oihpv57j4r,
id_woimwe9hfy,
id_x2eo39xuou,
id_1squ3uq2hl,
id_r62wtxkcgs,
id_o18uucnp2a,
id_y584m4w6rt,
id_fjz8f1vncl,
id_lnasq7gysw,
id_1vaibaxqjj,
id_7dwsxbhojx,
id_fir2tyt93i,
id_6a9vnfqka5,
id_z9synhcj1w,
id_4bu7ygcxuy,
id_bajp4vh1a5,
id_9d1ytg630f,
id_w9ffzhiqf8,
id_599dwla1xa,
id_xy4189ibyp,
id_dbdr2ruqxu,
id_qzykir8452,
id_ix6ckf7j95,
id_6o66enc24b,
id_f593estrni,
id_np71dz5sgq,
id_woeaqge00s,
id_apxors9ysd,
id_9nb18sb6r5,
id_01wc23t2t3,
id_i9rgxz061x,
id_lxto6xx87j,
id_7qoor8x0if,
id_vmksuudl0v,
id_ywuz4qah5w,
id_nczmglz3q7,
id_b8mvchsjvl,
id_8ljdgwljx0,
id_vk49mzyue2,
id_3u3pftugo4,
id_oyrvjufuo2,
id_k6q4ntj0vn,
id_dr6frcntlp,
id_x8bsdp1h2r,
id_zxfcrntsyz,
id_hd3u7zp0f9,
id_j7ill51kii,
id_sx7u33118i,
id_rz4v8tbb5l,
id_z8zr6g7ggm,
id_733cz4vmtg,
id_1tcyjem4oe,
id_es9yu7w1uh,
id_67luc5ad84,
id_7e3fdofo9h,
id_bmo3iqv868,
id_ej43ohzpnd,
id_309jjkf6xo,
id_t9dy69lysx,
id_00qlo653d3,
id_z0238tvlyi,
id_l33ozpsnkr,
id_jhgvzzikq0,
id_r9z518nid2,
id_v4azrkdcxx,
id_66uib6h137,
id_j1om0thi81,
id_szu02v22xu,
id_kfhsoi09ks,
id_6ntdktjcmz,
id_65fegrx3lm,
id_vt6f7sx7zo,
id_so5r6n7f8t,
id_6hne74y3xf,
id_hrec6uer9d,
id_wqfk6k1z54,
id_1ri6f8k7u7,
id_3q8xdyuwfw,
id_111xjvwi2w,
id_kpwrf4t7x6,
id_klgou9nxpd,
id_evio8smpki,
id_4uu6rf0xn0,
id_q5elpr77cb,
id_idjn7u9uym,
id_vhhdk47hhj,
id_bee0imn2q1,
id_jlw4pamx22,
id_lk5ef8kkxf,
id_mprg33wy3g,
id_hqvj8bmw14,
id_xen5wuza7m,
id_dkwnpapkir,
id_6ell3msj42,
id_aj1pswoge2,
id_jifgub87eo,
id_rzumri7opb,
id_im393qytmk,
id_qy9aq2azs5,
id_v0z9m1aurf,
id_0ljduonxza,
id_gl8irb1ijf,
id_60pq3azznc,
id_aaadmwy3ew,
id_l3mt3aide7,
id_4nexct4ypv,
id_v2yc1edjjh,
id_93pghbaeco,
id_rda8eijx4i,
id_h67stcc4yz,
id_574t9wpjop,
id_fe0435ivky,
id_wl709aywet,
id_wx2pz731xj,
id_idqgzhle86,
id_771cfl9xq8,
id_p8rf0d5g6r,
id_7h37t29wdo,
id_g6vqoo3hvk,
id_lxos2muzev,
id_7oxyslccvs,
id_1tawa1rpmj,
id_fvz5on7pyg,
id_mca4sxvirw,
id_5j6fneyiqt,
id_3tqzieb7cd,
id_e9phdvkcen,
id_k1bhdd2b4x,
id_lv2mfgkpvf,
id_2gjrqv86df,
id_uib0jvkpc3,
id_iztzd6dmni,
id_q70e2ckpok,
id_cwvgf4thge,
id_fraks785xy,
id_jr8vlh9abg,
id_nfdg2n150o,
id_f1w775czct,
id_75anmf42rb,
id_ri3gk1zz0j,
id_7u4b2s7omv,
id_wggncq0tbf,
id_plwhjdax4x,
id_8ve0889sme,
id_qoyl8ta4it,
id_qrjrqii5ov,
id_gsk4j2qvq4,
id_14cs6e6mfu,
id_qwwa901173,
id_mztwt23aq8,
id_pg56vkuc0t,
id_cjnwahvptt,
id_qgk86ogfcx,
id_gkpt0nf0lm,
id_7r0ktas4du,
id_kjdsn8w4op,
id_n6m4yn3c5c,
id_99d2h6uuzq,
id_hfax0afr1y,
id_q4uyores4u,
id_47zxbdc56c,
id_hygkn48r1d,
id_nrhmm8287b,
id_xvhinecym0,
id_5w6smtyhr8,
id_o5l5yxqep4,
id_d4wiqw62oh,
id_rkdggnuner,
id_rnqdrkt78a,
id_7hzhdwde5q,
id_x9ru1o8mzm,
id_0gm1srau82,
id_6yew87w3xk,
id_w785pj3va6,
id_kybl8wpb9x,
id_5nf5ul820u,
id_qch42sqknw,
id_02ktiba3r5,
id_y3eys1292q,
id_c3ovh0eqgg,
id_9pvtjodlii,
id_c5jissggs7,
id_b0wbxi41oy,
id_bxwaifv1mv,
id_szcfa1c9f4,
id_iglci38p56,
id_a88vqg2qyi,
id_qogqgi9ckv,
id_agoyk4u9ul,
id_9a717cb2ap,
id_i4rav8oa9v,
id_4q69pwq52s,
id_56qx7eysc7,
id_7zk9xtes0w,
id_ou8cgd92zk,
id_z33hv4cwy0,
id_ijixi0s3di,
id_udrb5przwa,
id_ngcp05nyxg,
id_9vwhad1wgp,
id_v0amiw4bce,
id_kolggek2ij,
id_prkee3dr5o,
id_14i029t9cs,
id_ftb8210z53,
id_4ojzth3nii,
id_saar2f2xyr,
id_ubdxxc99sr,
id_vyhc8529d7,
id_b6we0cuxc4,
id_i7viiv0akk,
id_gwp7mo6lbx,
id_thfql0faz2,
id_hwp8ymw693,
id_xj1wxhk4dm,
id_698nldgjiy,
id_ksmo3ggwaw,
id_5m2eglba8v,
id_oqqdp5aa05,
id_31scg9d3f0,
id_50pr8nf28l,
id_cv3v77ug67,
id_5an5zhh2j6,
id_4quzv1i3zc,
id_ss1ynmi95m,
id_rqnl6fayfc,
id_9emispay92,
id_8lt2wyqffx,
id_i4fx61eni0,
id_dnpdxlxicb,
id_ajavaxgtm8,
id_l9lmmjtjfi,
id_4e6vjy8a2w,
id_ve3df8parq,
id_4rk1csgfca,
id_mqiakahvz3,
id_yu6uwkoefp,
id_xkji56l41s,
id_3lgvygclom,
id_a8ugj1nde4,
id_wljkgwzvt2,
id_hb5cscd2p3,
id_ryit8nc3ca,
id_28qki36wpn,
id_g2cetwhtai,
id_r4klvvjofh,
id_nbvxa4erxi,
id_xga4q9anqp,
id_qss0dk9kww,
id_u8rchiki6s,
id_ud53c9nzie,
id_fpvpa41r7o,
id_9kteoa3x2w,
id_4eneyv141z,
id_ivamc61xct,
id_2rfkvy6wnp,
id_tu2m064uzq,
id_t3q69zk452,
id_nvx6h99akb,
id_1u9k1gk111,
id_vwt56iekef,
id_xw5pkokovu,
id_fy7nhug2qv,
id_fzoo14shqk,
id_x5kj2edjw7,
id_xdp2u2jq20,
id_rnl2omgd2a,
id_m7vv1qy6r0,
id_3zwngvhgkp,
id_f73emuul4c,
id_sd0qh5nqyt,
id_ds52zc9jg7,
id_c04nu9r5if,
id_o0nlt13yvz,
id_srd7e9qm8d,
id_d1sl8jbv96,
id_qqs1vldf8p,
id_bb88tqipl0,
id_bsn7i5ggrt,
id_levu0me0dt,
id_gtu1f393ql,
id_8fio8os7nb,
id_jpcj8z703j,
id_ppk13hxiqu,
id_memm8ikyl4,
id_3r6pxo5h54,
id_k69smej5ua,
id_p0dpo7eurt,
id_aexobhxcs5,
id_vo3i6dzvx5,
id_g5j6tmlzl2,
id_97p13kn5nv,
id_eyy9bcfkh8,
id_xvhr3lkhw2,
id_44nptoggq0,
id_3ozbma3zsk,
id_1w0ahcy01n,
id_iu2rr5sgdf,
id_xpq9kg59tl,
id_340z1j5gyn,
id_td8x00tbw3,
id_5y302rmgqp,
id_ilvglx063i,
id_5dy99np1d0,
id_1by8ztzi94,
id_v8t65yq6mi,
id_191u62lrfe,
id_ryxzwxwoti,
id_xez3f2oi2r,
id_fzlwrb48la,
id_bcutt0xz1e,
id_bku0szw7qk,
id_x0b06zmqtl,
id_7c25kmyymo,
id_lry7p82c6f,
id_810uvmgu7z,
id_w6pjzih396,
id_j9qof163us,
id_im1exrwnak,
id_3oqflk67yp,
id_jqtinwv4rj,
id_jw1yfy5khy,
id_pyshuxaxdc,
id_70hmdzq23a,
id_d0tudlf5gn,
id_o5xqlf50la,
id_x640zm2cpe,
id_rc3icje75y,
id_yweinvj4f8,
id_4inuxug4c1,
id_49qxfirsi0,
id_8a6n1aedhz,
id_640vo8hwjk,
id_7ctlrw2cs8,
id_l4u4z3pybb,
id_p5l92urhjv,
id_whe9mxbrov,
id_iav56olsqg,
id_nyr42pg3dt,
id_4urnpbnr4r,
id_go1jfgxdjr,
